/css/main.css,2014-01-27 00:00:01,Mozilla/5.0 (Windows NT 6.1; WOW64; rv:29.0) Gecko/20120101 Firefox/29.0,200,69068
/external/background.PNG,2014-01-27 00:00:04,"Mozilla/5.0 (Windows NT 6.1; WOW64) AppleWebKit/537.36 (KHTML, like Gecko) Chrome/41.0.2227.0 Safari/537.36",200,1652
/images/circle.gif,2014-01-27 00:00:07,Mozilla/5.0 (Windows NT 6.1; WOW64; rv:29.0) Gecko/20120101 Firefox/29.0,200,276018
/images/main.jpg,2014-01-27 00:00:08,Mozilla/5.0 (compatible; MSIE 9.0; Windows NT 6.1; Trident/5.0; chromeframe/13.0.782.215),200,21737
header.JPG,2014-01-27 00:00:10,"Mozilla/5.0 (Windows NT 6.4; WOW64) AppleWebKit/537.36 (KHTML, like Gecko) Chrome/41.0.2225.0 Safari/537.36",500,3134956
footer.GIF,2014-01-27 00:00:12,Mozilla/5.0 (compatible; MSIE 9.0; Windows NT 6.1; Trident/5.0; chromeframe/11.0.696.57),200,1998
/external/background.PNG,2014-01-27 00:00:14,"Mozilla/5.0 (X11; Linux x86_64) AppleWebKit/537.36 (KHTML, like Gecko) Chrome/41.0.2227.0 Safari/537.36",200,1652
/css/main.css,2014-01-27 00:00:17,"Mozilla/5.0 (Windows NT 6.3; WOW64) AppleWebKit/537.36 (KHTML, like Gecko) Chrome/41.0.2226.0 Safari/537.36",200,69068
/css/main.css,2014-01-27 00:00:18,"Mozilla/5.0 (Windows NT 6.1; WOW64) AppleWebKit/537.36 (KHTML, like Gecko) Chrome/41.0.2227.0 Safari/537.36",200,69068
/external/background.PNG,2014-01-27 00:00:19,"Mozilla/5.0 (Macintosh; Intel Mac OS X 10_10_1) AppleWebKit/537.36 (KHTML, like Gecko) Chrome/41.0.2227.1 Safari/537.36",200,1652
/external/background.PNG,2014-01-27 00:00:22,Mozilla/5.0 (Windows; U; MSIE 9.0; WIndows NT 9.0; en-US)),200,1652
/images/main.jpg,2014-01-27 00:00:24,"Mozilla/5.0 (Macintosh; Intel Mac OS X 10_10_1) AppleWebKit/537.36 (KHTML, like Gecko) Chrome/41.0.2227.1 Safari/537.36",200,21737
/external/background.PNG,2014-01-27 00:00:27,Mozilla/5.0 (Windows NT 6.1; Win64; x64; rv:25.0) Gecko/20100101 Firefox/28.0,200,1652
footer.GIF,2014-01-27 00:00:28,Mozilla/5.0 (compatible; MSIE 9.0; Windows NT 6.1; WOW64; Trident/5.0; SLCC2; Media Center PC 6.0; InfoPath.3; MS-RTC LM 8; Zune 4.7),200,1998
/external/background.PNG,2014-01-27 00:00:30,Mozilla/5.0 (compatible; MSIE 9.0; Windows NT 6.1; Trident/4.0; GTB7.4; InfoPath.1; SV1; .NET CLR 2.8.52393; WOW64; en-US),500,1652
/external/background.PNG,2014-01-27 00:00:33,"Mozilla/5.0 (Windows NT 6.3; WOW64) AppleWebKit/537.36 (KHTML, like Gecko) Chrome/41.0.2226.0 Safari/537.36",200,1652
/images/circle.gif,2014-01-27 00:00:34,"Mozilla/5.0 (Macintosh; Intel Mac OS X 10_7_3) AppleWebKit/534.55.3 (KHTML, like Gecko) Version/5.1.3 Safari/534.53.10",200,276018
/css/profile.CSS,2014-01-27 00:00:37,"Mozilla/5.0 (Windows NT 6.1; WOW64) AppleWebKit/537.36 (KHTML, like Gecko) Chrome/41.0.2227.0 Safari/537.36",200,30315
/images/main.jpg,2014-01-27 00:00:40,Mozilla/5.0 (Windows NT 6.1; Win64; x64; rv:25.0) Gecko/20100101 Firefox/28.0,500,21737
/external/profile.jpeg,2014-01-27 00:00:41,"Mozilla/5.0 (Windows NT 6.1) AppleWebKit/537.36 (KHTML, like Gecko) Chrome/41.0.2228.0 Safari/537.36",200,53391
header.JPG,2014-01-27 00:00:42,"Mozilla/5.0 (Windows NT 6.3; WOW64) AppleWebKit/537.36 (KHTML, like Gecko) Chrome/41.0.2225.0 Safari/537.36",200,3134956
/external/profile.jpeg,2014-01-27 00:00:44,"Mozilla/5.0 (Windows NT 6.1; WOW64) AppleWebKit/537.36 (KHTML, like Gecko) Chrome/41.0.2227.0 Safari/537.36",200,53391
footer.GIF,2014-01-27 00:00:47,"Mozilla/5.0 (Windows NT 6.1) AppleWebKit/537.36 (KHTML, like Gecko) Chrome/41.0.2228.0 Safari/537.36",200,1998
/images/circle.gif,2014-01-27 00:00:49,Mozilla/5.0 (compatible; MSIE 9.0; Windows NT 6.1; Trident/5.0; chromeframe/13.0.782.215),200,276018
/images/main.jpg,2014-01-27 00:00:50,Mozilla/5.0 (Macintosh; Intel Mac OS X 10_10; rv:33.0) Gecko/20100101 Firefox/36.0,200,21737
/external/background.PNG,2014-01-27 00:00:52,"Mozilla/5.0 (Macintosh; Intel Mac OS X 10_10_1) AppleWebKit/537.36 (KHTML, like Gecko) Chrome/41.0.2227.1 Safari/537.36",200,1652
footer.GIF,2014-01-27 00:00:53,"Mozilla/5.0 (Windows NT 6.1; WOW64) AppleWebKit/537.36 (KHTML, like Gecko) Chrome/41.0.2227.0 Safari/537.36",200,1998
/images/main.jpg,2014-01-27 00:00:54,Mozilla/5.0 (Windows NT 5.1; rv:31.0) Gecko/20100101 Firefox/31.0,200,21737
footer.GIF,2014-01-27 00:00:56,"Mozilla/5.0 (Windows NT 6.1) AppleWebKit/537.36 (KHTML, like Gecko) Chrome/41.0.2228.0 Safari/537.36",200,1998
/images/circle.gif,2014-01-27 00:00:58,"Mozilla/5.0 (Windows NT 6.3; WOW64) AppleWebKit/537.36 (KHTML, like Gecko) Chrome/41.0.2226.0 Safari/537.36",200,276018
/images/main.jpg,2014-01-27 00:00:59,"Mozilla/5.0 (X11; Linux x86_64) AppleWebKit/537.36 (KHTML, like Gecko) Chrome/41.0.2227.0 Safari/537.36",500,21737
header.JPG,2014-01-27 00:01:00,Mozilla/5.0 (compatible; MSIE 8.0; Windows NT 6.1; Trident/4.0; GTB7.4; InfoPath.2; SV1; .NET CLR 3.3.69573; WOW64; en-US),200,3134956
/css/main.css,2014-01-27 00:01:01,"Mozilla/5.0 (Windows NT 6.3; WOW64) AppleWebKit/537.36 (KHTML, like Gecko) Chrome/41.0.2226.0 Safari/537.36",200,69068
/images/circle.gif,2014-01-27 00:01:03,"Mozilla/5.0 (Windows NT 6.1) AppleWebKit/537.36 (KHTML, like Gecko) Chrome/41.0.2228.0 Safari/537.36",500,276018
header.JPG,2014-01-27 00:01:04,"Mozilla/5.0 (Windows NT 6.1; WOW64) AppleWebKit/537.36 (KHTML, like Gecko) Chrome/41.0.2227.0 Safari/537.36",200,3134956
footer.GIF,2014-01-27 00:01:05,"Mozilla/5.0 (X11; Linux x86_64) AppleWebKit/537.36 (KHTML, like Gecko) Chrome/41.0.2227.0 Safari/537.36",200,1998
/css/main.css,2014-01-27 00:01:08,Mozilla/5.0 (Windows NT 6.1; Win64; x64; rv:25.0) Gecko/20100101 Firefox/28.0,200,69068
header.JPG,2014-01-27 00:01:10,"Mozilla/5.0 (Macintosh; Intel Mac OS X 10_10_1) AppleWebKit/537.36 (KHTML, like Gecko) Chrome/41.0.2227.1 Safari/537.36",200,3134956
/external/profile.jpeg,2014-01-27 00:01:12,Mozilla/5.0 (Windows NT 6.1; Win64; x64; rv:25.0) Gecko/20100101 Firefox/28.0,200,53391
footer.GIF,2014-01-27 00:01:13,"Mozilla/5.0 (Windows NT 6.4; WOW64) AppleWebKit/537.36 (KHTML, like Gecko) Chrome/41.0.2225.0 Safari/537.36",200,1998
/index.html,2014-01-27 00:01:16,"Mozilla/5.0 (Macintosh; Intel Mac OS X 10_10_1) AppleWebKit/537.36 (KHTML, like Gecko) Chrome/41.0.2227.1 Safari/537.36",200,5571
/external/profile.jpeg,2014-01-27 00:01:19,"Mozilla/5.0 (Macintosh; Intel Mac OS X 10_6_8) AppleWebKit/537.13+ (KHTML, like Gecko) Version/5.1.7 Safari/534.57.2",200,53391
/css/profile.CSS,2014-01-27 00:01:20,Mozilla/4.0 (compatible; MSIE 10.0; Windows NT 6.1; Trident/5.0),200,30315
/external/background.PNG,2014-01-27 00:01:21,Mozilla/5.0 (X11; Linux i586; rv:31.0) Gecko/20100101 Firefox/36.0,200,1652
/external/profile.jpeg,2014-01-27 00:01:24,"Mozilla/5.0 (X11; Linux x86_64) AppleWebKit/537.36 (KHTML, like Gecko) Chrome/41.0.2227.0 Safari/537.36",200,53391
header.JPG,2014-01-27 00:01:27,Mozilla/5.0 (X11; OpenBSD amd64; rv:28.0) Gecko/20100101 Firefox/28.0,200,3134956
/external/profile.jpeg,2014-01-27 00:01:30,"Mozilla/5.0 (Macintosh; Intel Mac OS X 10_6_8) AppleWebKit/537.13+ (KHTML, like Gecko) Version/5.1.7 Safari/534.57.2",200,53391
/css/profile.CSS,2014-01-27 00:01:32,Mozilla/5.0 (Windows NT 6.1; WOW64; rv:31.0) Gecko/20130401 Firefox/31.0,200,30315
/index.html,2014-01-27 00:01:35,Mozilla/5.0 (compatible; MSIE 9.0; Windows NT 6.1; Trident/5.0; yie8),200,5571
/external/background.PNG,2014-01-27 00:01:38,"Mozilla/5.0 (Windows NT 6.3; WOW64) AppleWebKit/537.36 (KHTML, like Gecko) Chrome/41.0.2225.0 Safari/537.36",200,1652
/external/profile.jpeg,2014-01-27 00:01:39,Mozilla/5.0 (compatible; MSIE 8.0; Windows NT 5.1; Trident/4.0; InfoPath.2; SLCC1; .NET CLR 3.0.4506.2152; .NET CLR 3.5.30729; .NET CLR 2.0.50727),200,53391
/css/main.css,2014-01-27 00:01:41,"Mozilla/5.0 (Macintosh; Intel Mac OS X 10_6_8) AppleWebKit/537.13+ (KHTML, like Gecko) Version/5.1.7 Safari/534.57.2",200,69068
/images/main.jpg,2014-01-27 00:01:44,"Mozilla/5.0 (Macintosh; Intel Mac OS X 10_9_3) AppleWebKit/537.75.14 (KHTML, like Gecko) Version/7.0.3 Safari/7046A194A",200,21737
/external/background.PNG,2014-01-27 00:01:47,Mozilla/4.0 (compatible; MSIE 8.0; Windows NT 6.1; WOW64; Trident/4.0; SLCC2; .NET CLR 2.0.50727; InfoPath.2),200,1652
/html/profile.html,2014-01-27 00:01:49,Mozilla/5.0 (X11; OpenBSD amd64; rv:28.0) Gecko/20100101 Firefox/28.0,200,2328
/images/circle.gif,2014-01-27 00:01:51,"Mozilla/5.0 (Windows NT 6.3; WOW64) AppleWebKit/537.36 (KHTML, like Gecko) Chrome/41.0.2225.0 Safari/537.36",200,276018
/css/profile.CSS,2014-01-27 00:01:52,Mozilla/5.0 (compatible; MSIE 8.0; Windows NT 6.1; Trident/4.0; GTB7.4; InfoPath.2; SV1; .NET CLR 3.3.69573; WOW64; en-US),200,30315
/images/main.jpg,2014-01-27 00:01:53,"Mozilla/5.0 (Macintosh; Intel Mac OS X 10_7_3) AppleWebKit/534.55.3 (KHTML, like Gecko) Version/5.1.3 Safari/534.53.10",200,21737
/images/circle.gif,2014-01-27 00:01:56,"Mozilla/5.0 (Windows NT 6.1; WOW64) AppleWebKit/537.36 (KHTML, like Gecko) Chrome/41.0.2227.0 Safari/537.36",200,276018
header.JPG,2014-01-27 00:01:58,Mozilla/5.0 (X11; Linux x86_64; rv:28.0) Gecko/20100101 Firefox/28.0,200,3134956
/external/background.PNG,2014-01-27 00:01:59,Mozilla/5.0 (compatible; MSIE 8.0; Windows NT 5.0; Trident/4.0; InfoPath.1; SV1; .NET CLR 3.0.4506.2152; .NET CLR 3.5.30729; .NET CLR 3.0.04506.30),200,1652
/images/main.jpg,2014-01-27 00:02:01,Mozilla/5.0 (compatible; MSIE 11.0; Windows NT 6.1; WOW64; Trident/6.0),200,21737
/css/profile.CSS,2014-01-27 00:02:04,"Mozilla/5.0 (X11; Linux x86_64) AppleWebKit/537.36 (KHTML, like Gecko) Chrome/41.0.2227.0 Safari/537.36",200,30315
header.JPG,2014-01-27 00:02:07,"Mozilla/5.0 (iPad; CPU OS 6_0 like Mac OS X) AppleWebKit/536.26 (KHTML, like Gecko) Version/6.0 Mobile/10A5355d Safari/8536.25",200,3134956
/images/main.jpg,2014-01-27 00:02:09,Mozilla/5.0 (X11; Linux i586; rv:31.0) Gecko/20100101 Firefox/36.0,200,21737
/images/main.jpg,2014-01-27 00:02:11,Mozilla/5.0 (X11; OpenBSD amd64; rv:28.0) Gecko/20100101 Firefox/28.0,200,21737
/images/circle.gif,2014-01-27 00:02:13,"Mozilla/5.0 (Windows NT 6.3; WOW64) AppleWebKit/537.36 (KHTML, like Gecko) Chrome/41.0.2226.0 Safari/537.36",200,276018
/images/main.jpg,2014-01-27 00:02:16,"Mozilla/5.0 (Windows NT 6.3; WOW64) AppleWebKit/537.36 (KHTML, like Gecko) Chrome/41.0.2225.0 Safari/537.36",200,21737
/images/main.jpg,2014-01-27 00:02:18,Mozilla/4.0 (compatible; MSIE 10.0; Windows NT 6.1; Trident/5.0),200,21737
/external/background.PNG,2014-01-27 00:02:20,Mozilla/5.0 (compatible; MSIE 8.0; Windows NT 5.1; Trident/4.0; InfoPath.2; SLCC1; .NET CLR 3.0.4506.2152; .NET CLR 3.5.30729; .NET CLR 2.0.50727),200,1652
/external/background.PNG,2014-01-27 00:02:22,Mozilla/5.0 (compatible; MSIE 8.0; Windows NT 5.1; Trident/4.0; .NET CLR 1.1.4322; .NET CLR 2.0.50727),500,1652
/images/main.jpg,2014-01-27 00:02:23,"Mozilla/5.0 (Macintosh; Intel Mac OS X 10_10_1) AppleWebKit/537.36 (KHTML, like Gecko) Chrome/41.0.2227.1 Safari/537.36",200,21737
/css/profile.CSS,2014-01-27 00:02:24,Mozilla/5.0 (compatible; MSIE 8.0; Windows NT 5.1; Trident/4.0; .NET CLR 1.1.4322; .NET CLR 2.0.50727),200,30315
/images/circle.gif,2014-01-27 00:02:27,"Mozilla/5.0 (Windows NT 6.4; WOW64) AppleWebKit/537.36 (KHTML, like Gecko) Chrome/41.0.2225.0 Safari/537.36",500,276018
footer.GIF,2014-01-27 00:02:30,"Mozilla/5.0 (Macintosh; Intel Mac OS X 10_7_3) AppleWebKit/534.55.3 (KHTML, like Gecko) Version/5.1.3 Safari/534.53.10",200,1998
footer.GIF,2014-01-27 00:02:32,Mozilla/5.0 (Windows NT 6.3; rv:36.0) Gecko/20100101 Firefox/36.0,200,1998
footer.GIF,2014-01-27 00:02:34,"Mozilla/5.0 (Macintosh; Intel Mac OS X 10_7_3) AppleWebKit/534.55.3 (KHTML, like Gecko) Version/5.1.3 Safari/534.53.10",200,1998
/images/circle.gif,2014-01-27 00:02:35,"Mozilla/5.0 (X11; Linux x86_64) AppleWebKit/537.36 (KHTML, like Gecko) Chrome/41.0.2227.0 Safari/537.36",500,276018
/images/main.jpg,2014-01-27 00:02:37,"Mozilla/5.0 (Windows NT 6.1; WOW64) AppleWebKit/537.36 (KHTML, like Gecko) Chrome/41.0.2227.0 Safari/537.36",200,21737
footer.GIF,2014-01-27 00:02:40,"Mozilla/5.0 (X11; Linux x86_64) AppleWebKit/537.36 (KHTML, like Gecko) Chrome/41.0.2227.0 Safari/537.36",200,1998
/images/main.jpg,2014-01-27 00:02:43,Mozilla/5.0 (compatible; MSIE 9.0; Windows NT 6.1; Trident/5.0) chromeframe/10.0.648.205,200,21737
/external/profile.jpeg,2014-01-27 00:02:45,"Mozilla/5.0 (Windows NT 6.3; WOW64) AppleWebKit/537.36 (KHTML, like Gecko) Chrome/41.0.2226.0 Safari/537.36",500,53391
header.JPG,2014-01-27 00:02:48,"Mozilla/5.0 (Macintosh; Intel Mac OS X 10_9_3) AppleWebKit/537.75.14 (KHTML, like Gecko) Version/7.0.3 Safari/7046A194A",200,3134956
/images/main.jpg,2014-01-27 00:02:49,Mozilla/5.0 (X11; OpenBSD amd64; rv:28.0) Gecko/20100101 Firefox/28.0,200,21737
footer.GIF,2014-01-27 00:02:51,Mozilla/5.0 (compatible; MSIE 10.0; Windows NT 6.1; Trident/5.0),200,1998
/css/profile.CSS,2014-01-27 00:02:54,"Mozilla/5.0 (Windows NT 6.4; WOW64) AppleWebKit/537.36 (KHTML, like Gecko) Chrome/41.0.2225.0 Safari/537.36",500,30315
/images/main.jpg,2014-01-27 00:02:56,Mozilla/5.0 (compatible; MSIE 9.0; Windows NT 7.1; Trident/5.0),200,21737
header.JPG,2014-01-27 00:02:58,Mozilla/5.0 (compatible; MSIE 9.0; Windows NT 6.1; Trident/5.0; FunWebProducts),500,3134956
/images/circle.gif,2014-01-27 00:02:59,Mozilla/5.0 (compatible; MSIE 10.0; Windows NT 6.1; Trident/5.0),200,276018
footer.GIF,2014-01-27 00:03:01,"Mozilla/5.0 (X11; Linux x86_64) AppleWebKit/537.36 (KHTML, like Gecko) Chrome/41.0.2227.0 Safari/537.36",200,1998
header.JPG,2014-01-27 00:03:04,Mozilla/5.0 (X11; Linux i586; rv:31.0) Gecko/20100101 Firefox/36.0,200,3134956
footer.GIF,2014-01-27 00:03:05,"Mozilla/5.0 (Windows NT 6.1) AppleWebKit/537.36 (KHTML, like Gecko) Chrome/41.0.2228.0 Safari/537.36",200,1998
/external/profile.jpeg,2014-01-27 00:03:08,"Mozilla/5.0 (Windows NT 6.1; WOW64) AppleWebKit/537.36 (KHTML, like Gecko) Chrome/41.0.2227.0 Safari/537.36",200,53391
header.JPG,2014-01-27 00:03:11,"Mozilla/5.0 (Macintosh; Intel Mac OS X 10_10_1) AppleWebKit/537.36 (KHTML, like Gecko) Chrome/41.0.2227.1 Safari/537.36",200,3134956
/external/profile.jpeg,2014-01-27 00:03:14,Mozilla/5.0 (compatible; MSIE 11.0; Windows NT 6.1; WOW64; Trident/6.0),200,53391
/css/main.css,2014-01-27 00:03:17,Mozilla/5.0 (X11; OpenBSD amd64; rv:28.0) Gecko/20100101 Firefox/28.0,200,69068
/index.html,2014-01-27 00:03:20,"Mozilla/5.0 (Windows NT 6.3; WOW64) AppleWebKit/537.36 (KHTML, like Gecko) Chrome/41.0.2226.0 Safari/537.36",200,5571
/images/main.jpg,2014-01-27 00:03:22,Mozilla/5.0 (Windows NT 6.1; WOW64; rv:29.0) Gecko/20120101 Firefox/29.0,200,21737
/images/circle.gif,2014-01-27 00:03:24,"Mozilla/5.0 (Macintosh; Intel Mac OS X 10_6_8) AppleWebKit/537.13+ (KHTML, like Gecko) Version/5.1.7 Safari/534.57.2",200,276018
/images/main.jpg,2014-01-27 00:03:26,Mozilla/5.0 (Windows NT 5.1; rv:31.0) Gecko/20100101 Firefox/31.0,200,21737
